image_path,true_label,predicted_label,predicted_probability,probability_intact,probability_spotted,probability_immature,probability_broken,probability_skin_damaged
data\processed\test\broken\10.jpg,broken,intact,0.20528464019298553,0.20528464019298553,0.19671018421649933,0.20451919734477997,0.1976839154958725,0.1958020180463791
data\processed\test\immature\1014.jpg,immature,intact,0.20528464019298553,0.20528464019298553,0.19671018421649933,0.20451919734477997,0.1976839154958725,0.1958020180463791
data\processed\test\intact\1.jpg,intact,intact,0.20528464019298553,0.20528464019298553,0.19671019911766052,0.20451919734477997,0.1976839154958725,0.1958020180463791
data\processed\test\skin_damaged\1010.jpg,skin_damaged,intact,0.20528464019298553,0.20528464019298553,0.19671018421649933,0.20451919734477997,0.1976839154958725,0.1958020180463791
data\processed\test\spotted\1012.jpg,spotted,intact,0.20528464019298553,0.20528464019298553,0.19671019911766052,0.20451919734477997,0.1976839154958725,0.1958020180463791
