{
  "accuracy": 0.9042145593869731,
  "argmax_policy": "raw_logits",
  "calibration_applied": true,
  "checkpoint": "models/vision/resnet18_v2_best.pt",
  "class_names": [
    "intact",
    "spotted",
    "immature",
    "broken",
    "skin_damaged"
  ],
  "confidence_accuracy_gap": 0.011031569648976558,
  "ece": 0.020284945537760793,
  "macro_f1": 0.9033285077282003,
  "mean_confidence": 0.9152461290359497,
  "multiclass_brier": 0.12733209133148193,
  "nll": 0.21889737248420715,
  "split": "test",
  "temperature": 1.1782619953155518
}
