{
  "accuracy": 0.921455938697318,
  "macro_f1": 0.9207006744711761,
  "macro_precision": 0.9218376460599679,
  "macro_recall": 0.92101513947732,
  "per_class": {
    "broken": {
      "f1": 0.8854166666666666,
      "precision": 0.9239130434782609,
      "recall": 0.85,
      "support": 100
    },
    "immature": {
      "f1": 0.9454545454545454,
      "precision": 0.9629629629629629,
      "recall": 0.9285714285714286,
      "support": 112
    },
    "intact": {
      "f1": 0.9148936170212766,
      "precision": 0.8865979381443299,
      "recall": 0.945054945054945,
      "support": 91
    },
    "skin_damaged": {
      "f1": 0.9098712446351931,
      "precision": 0.8833333333333333,
      "recall": 0.9380530973451328,
      "support": 113
    },
    "spotted": {
      "f1": 0.9478672985781991,
      "precision": 0.9523809523809523,
      "recall": 0.9433962264150944,
      "support": 106
    }
  }
}