{
  "accuracy": 0.9042145593869731,
  "macro_f1": 0.9033285077282003,
  "macro_precision": 0.9042264905962385,
  "macro_recall": 0.9046576406562215,
  "per_class": {
    "broken": {
      "f1": 0.898989898989899,
      "precision": 0.9081632653061225,
      "recall": 0.89,
      "support": 100
    },
    "immature": {
      "f1": 0.8962264150943396,
      "precision": 0.95,
      "recall": 0.8482142857142857,
      "support": 112
    },
    "intact": {
      "f1": 0.8795811518324608,
      "precision": 0.84,
      "recall": 0.9230769230769231,
      "support": 91
    },
    "skin_damaged": {
      "f1": 0.9224137931034483,
      "precision": 0.8991596638655462,
      "recall": 0.9469026548672567,
      "support": 113
    },
    "spotted": {
      "f1": 0.919431279620853,
      "precision": 0.9238095238095239,
      "recall": 0.9150943396226415,
      "support": 106
    }
  }
}