{
  "probabilities": {
    "intact": 1.7871124668999985e-07,
    "spotted": 8.975914170150645e-06,
    "immature": 6.041671163359297e-09,
    "broken": 0.9999600648880004,
    "skin_damaged": 3.084453783230856e-05
  },
  "gradcam": {
    "status": "ok",
    "message": "Grad-CAM generado como explicacion aproximada del modelo.",
    "target_class_index": 3,
    "target_layer_name": "layer4.1.conv2",
    "intensity": 0.2691972553730011
  }
}
