{
  "probabilities": {
    "intact": 1.7392172424468555e-10,
    "spotted": 2.0146414314581307e-08,
    "immature": 4.837590328321538e-10,
    "broken": 0.9999829530715942,
    "skin_damaged": 1.709418575046584e-05
  },
  "gradcam": {
    "status": "ok",
    "message": "Grad-CAM generado como explicacion aproximada del modelo.",
    "target_class_index": 3,
    "target_layer_name": "layer4.1.conv2",
    "intensity": 0.22747129201889038
  }
}
