{
  "probabilities": {
    "intact": 4.0421799241130436e-08,
    "spotted": 1.445018369850004e-05,
    "immature": 8.774803994526792e-09,
    "broken": 0.9999605417251588,
    "skin_damaged": 2.5005758288898505e-05
  },
  "gradcam": {
    "status": "ok",
    "message": "Grad-CAM generado como explicacion aproximada del modelo.",
    "target_class_index": 3,
    "target_layer_name": "layer4.1.conv2",
    "intensity": 0.2198009043931961
  }
}
