case,samples,batch_size,batches,num_workers,auto_crop,cache_preprocessing,total_seconds,seconds_per_batch,data_time_seconds,compute_time_seconds,images_per_second,peak_ram_mb,peak_vram_mb,waiting_data_percent,cache_created,cache_existing
A_no_auto_crop_workers0,128,8,16,0,False,False,3.3969399000052363,0.21230874375032727,3.3732399000437,0.023273400001926348,37.680972807261824,0.0,9.1875,99.30231323899784,0,128
B_realtime_crop_workers0,128,8,16,0,True,False,33.2389440999832,2.07743400624895,33.19718369995826,0.04125570002361201,3.8509045177540613,0.0,9.1875,99.87436303662558,0,128
C_cache_crop_workers0,128,8,16,0,True,True,1.2340935000102036,0.07713084375063772,1.1820192000304814,0.05150239996146411,103.71985590957387,0.0,9.1875,95.7803602418057,0,128
D_cache_workers0,128,8,16,0,True,True,1.2120691000018269,0.07575431875011418,1.1604881999955978,0.05107389998738654,105.60454020303551,0.0,9.1875,95.74439279029956,0,128
E_cache_workers2,128,8,16,2,True,True,23.92171110000345,1.4951069437502156,23.86702330003027,0.05434169992804527,5.3507878038031125,0.0,9.1875,99.77138842725522,0,128
