{
  "accuracy": 0.9003831417624522,
  "macro_f1": 0.8995323565323565,
  "macro_precision": 0.9032196700267013,
  "macro_recall": 0.9019741449066879,
  "per_class": {
    "broken": {
      "f1": 0.875,
      "precision": 0.9130434782608695,
      "recall": 0.84,
      "support": 100
    },
    "immature": {
      "f1": 0.9038461538461539,
      "precision": 0.9791666666666666,
      "recall": 0.8392857142857143,
      "support": 112
    },
    "intact": {
      "f1": 0.89,
      "precision": 0.8165137614678899,
      "recall": 0.978021978021978,
      "support": 91
    },
    "skin_damaged": {
      "f1": 0.9145299145299145,
      "precision": 0.8842975206611571,
      "recall": 0.9469026548672567,
      "support": 113
    },
    "spotted": {
      "f1": 0.9142857142857143,
      "precision": 0.9230769230769231,
      "recall": 0.9056603773584906,
      "support": 106
    }
  }
}