{
  "accuracy": 0.8697318007662835,
  "macro_f1": 0.8683055921225626,
  "macro_precision": 0.8715540157355575,
  "macro_recall": 0.869925644817697,
  "per_class": {
    "broken": {
      "f1": 0.8342245989304813,
      "precision": 0.896551724137931,
      "recall": 0.78,
      "support": 100
    },
    "immature": {
      "f1": 0.8732394366197183,
      "precision": 0.9207920792079208,
      "recall": 0.8303571428571429,
      "support": 112
    },
    "intact": {
      "f1": 0.8426395939086294,
      "precision": 0.7830188679245284,
      "recall": 0.9120879120879121,
      "support": 91
    },
    "skin_damaged": {
      "f1": 0.8755364806866953,
      "precision": 0.85,
      "recall": 0.9026548672566371,
      "support": 113
    },
    "spotted": {
      "f1": 0.9158878504672897,
      "precision": 0.9074074074074074,
      "recall": 0.9245283018867925,
      "support": 106
    }
  }
}