{
  "checkpoint_path": "models\\vision\\resnet18_v2_best.pt",
  "production_replacement": false,
  "reason": "Selected by validation macro-F1, then intact recall, broken recall, latency and parameter memory.",
  "selected_architecture": "resnet18",
  "selected_metrics": {
    "checkpoint_size_mb": 122.83079051971436,
    "latency_cpu_mean_ms": 54.43714000284672,
    "latency_cuda_mean_ms": 7.052474995725788,
    "latency_mean_ms": 7.052474995725788,
    "max_memory_mb": 236.2890625,
    "model": "resnet18_v2",
    "parameter_memory_mb": 42.64479446411133,
    "parameters": 11179077,
    "test_accuracy": 0.9042145593869731,
    "test_f1_broken": 0.898989898989899,
    "test_f1_intact": 0.8795811518324608,
    "test_macro_f1": 0.9033285077282003,
    "test_macro_precision": 0.9042264905962385,
    "test_macro_recall": 0.9046576406562215,
    "test_recall_broken": 0.89,
    "test_recall_intact": 0.9230769230769231,
    "training_time_seconds": 20665.452922700002,
    "validation_accuracy": 0.921455938697318,
    "validation_f1_broken": 0.8854166666666666,
    "validation_f1_intact": 0.9148936170212766,
    "validation_macro_f1": 0.9207006744711761,
    "validation_macro_precision": 0.9218376460599679,
    "validation_macro_recall": 0.92101513947732,
    "validation_recall_broken": 0.85,
    "validation_recall_intact": 0.945054945054945
  },
  "selected_model": "resnet18_v2",
  "selection_criteria_order": [
    "validation_macro_f1",
    "validation_recall_intact",
    "validation_recall_broken",
    "latency_mean_ms",
    "parameter_memory_mb"
  ],
  "test_evaluation_used_once": true
}