{
  "accuracy": 0.9233716475095786,
  "macro_f1": 0.9231883922779236,
  "macro_precision": 0.9227949127730211,
  "macro_recall": 0.924194059989101,
  "per_class": {
    "broken": {
      "f1": 0.8877551020408163,
      "precision": 0.90625,
      "recall": 0.87,
      "support": 100
    },
    "immature": {
      "f1": 0.9502262443438914,
      "precision": 0.963302752293578,
      "recall": 0.9375,
      "support": 112
    },
    "intact": {
      "f1": 0.9468085106382979,
      "precision": 0.9175257731958762,
      "recall": 0.978021978021978,
      "support": 91
    },
    "skin_damaged": {
      "f1": 0.9203539823008849,
      "precision": 0.9203539823008849,
      "recall": 0.9203539823008849,
      "support": 113
    },
    "spotted": {
      "f1": 0.9107981220657277,
      "precision": 0.9065420560747663,
      "recall": 0.9150943396226415,
      "support": 106
    }
  }
}