{
  "accuracy": 0.6704980842911877,
  "macro_f1": 0.6259550750897566,
  "macro_precision": 0.7411933804013591,
  "macro_recall": 0.6505341908884237,
  "per_class": {
    "broken": {
      "f1": 0.6419753086419753,
      "precision": 0.8387096774193549,
      "recall": 0.52,
      "support": 100
    },
    "immature": {
      "f1": 0.6884057971014492,
      "precision": 0.5792682926829268,
      "recall": 0.8482142857142857,
      "support": 112
    },
    "intact": {
      "f1": 0.2962962962962963,
      "precision": 0.9411764705882353,
      "recall": 0.17582417582417584,
      "support": 91
    },
    "skin_damaged": {
      "f1": 0.7786885245901639,
      "precision": 0.7251908396946565,
      "recall": 0.8407079646017699,
      "support": 113
    },
    "spotted": {
      "f1": 0.7244094488188977,
      "precision": 0.6216216216216216,
      "recall": 0.8679245283018868,
      "support": 106
    }
  }
}