image_path,true_label,predicted_label,predicted_probability,probability_intact,probability_spotted,probability_immature,probability_broken,probability_skin_damaged
data\processed\test\broken\10.jpg,broken,spotted,0.25296860933303833,0.18942813575267792,0.25296860933303833,0.1762479990720749,0.170902281999588,0.21045294404029846
data\processed\test\immature\1014.jpg,immature,spotted,0.22296012938022614,0.19340990483760834,0.22296012938022614,0.19550926983356476,0.18936055898666382,0.19876016676425934
data\processed\test\intact\1.jpg,intact,spotted,0.23447081446647644,0.19571982324123383,0.23447081446647644,0.19328093528747559,0.18075650930404663,0.19577191770076752
data\processed\test\skin_damaged\1010.jpg,skin_damaged,spotted,0.2322615534067154,0.17561113834381104,0.2322615534067154,0.18707682192325592,0.19553987681865692,0.2095106542110443
data\processed\test\spotted\1012.jpg,spotted,spotted,0.2325294017791748,0.2005118727684021,0.2325294017791748,0.18575266003608704,0.18225279450416565,0.1989532709121704
