image_path,true_label,predicted_label,predicted_probability,probability_intact,probability_spotted,probability_immature,probability_broken,probability_skin_damaged
data\processed\test\broken\10.jpg,broken,skin_damaged,0.2525896728038788,0.15349924564361572,0.20417240262031555,0.19824253022670746,0.1914961040019989,0.2525896728038788
data\processed\test\immature\1014.jpg,immature,spotted,0.2864922881126404,0.1754678338766098,0.2864922881126404,0.19597648084163666,0.18463726341724396,0.1574261337518692
data\processed\test\intact\1.jpg,intact,spotted,0.2661815285682678,0.20366455614566803,0.2661815285682678,0.1811811476945877,0.18098480999469757,0.16798795759677887
data\processed\test\skin_damaged\1010.jpg,skin_damaged,spotted,0.26726311445236206,0.2015899121761322,0.26726311445236206,0.2387295514345169,0.14190737903118134,0.15051007270812988
data\processed\test\spotted\1012.jpg,spotted,spotted,0.23676760494709015,0.199342280626297,0.23676760494709015,0.21917933225631714,0.20124471187591553,0.1434660702943802
